dimension,group,rows,frauds,legit,false_negatives,false_positives,fnr,fpr
ProductCD,C,9125,1150,7975,104,1856,0.09043478260869565,0.23272727272727273
ProductCD,H,2350,140,2210,10,374,0.07142857142857142,0.16923076923076924
ProductCD,R,3365,160,3205,8,344,0.05,0.10733229329173168
ProductCD,S,1450,107,1343,14,161,0.1308411214953271,0.11988086373790022
ProductCD,W,72291,1485,70806,371,5587,0.24983164983164982,0.0789057424512047
amount_quartile,Q1 (<= 42.95),21999,805,21194,118,1882,0.14658385093167703,0.08879871661791074
amount_quartile,Q2 (42.95 to 68.95],23012,600,22412,122,1547,0.20333333333333334,0.06902552204176333
amount_quartile,Q3 (68.95 to 125.00],22096,698,21398,123,2043,0.17621776504297995,0.0954762127301617
amount_quartile,Q4 (> 125.00),21474,939,20535,144,2850,0.15335463258785942,0.13878743608473337
identity,absent,72927,1524,71403,379,5753,0.24868766404199474,0.0805708443622817
identity,present,15654,1518,14136,128,2569,0.08432147562582346,0.18173457838143747
