rank,feature,group,mean_abs_shap
1,C13,C,0.6540994761072105
2,card1_amt_mean,engineered,0.38351218503417345
3,C5,C,0.35624557466355633
4,dist1,transaction,0.3170778851393842
5,C14,C,0.3028787531675954
6,P_emaildomain,transaction,0.2780700838903221
7,D1,D,0.2773113863825278
8,C1,C,0.2667803493842479
9,freq_card1,engineered,0.2655176837484877
10,card1,transaction,0.2394301016128319
11,freq_card2,engineered,0.23463839158994457
12,C2,C,0.2286379608157846
13,addr1,transaction,0.22053921098011925
14,TransactionAmt,transaction,0.21943403382695192
15,D2,D,0.21700614259973958
16,amt_cents,engineered,0.21625666665469606
17,card2,transaction,0.21026499218787476
18,card1_amt_std,engineered,0.20578596731105225
19,C11,C,0.19704978588579755
20,n_missing,engineered,0.19583426644364343
