window,bucket,day_start,day_end,rows,frauds,fraud_rate,pr_auc
validation,0,119,126,23132,780,0.03371952273906277,0.8191642758987641
validation,1,126,133,18907,743,0.03929761464008039,0.7036075217351375
validation,2,133,140,18623,620,0.03329216560167535,0.5919653220321016
validation,3,140,151,27919,899,0.032200293706794655,0.6029729449064399
test,0,151,158,21975,675,0.030716723549488054,0.631670303268312
test,1,158,165,20656,633,0.030644848954298993,0.533816662734695
test,2,165,172,20508,720,0.03510825043885313,0.5408677127707276
test,3,172,179,17818,736,0.041306543944325966,0.6363086399726464
test,4,179,181,7624,319,0.04184155299055614,0.6030548673969145
